{
  "metadata": {
    "timestamp": "20260117_232521",
    "video_dimensions": {
      "width": 1280,
      "height": 704
    },
    "total_frames_processed": 450,
    "detection_method": "hsv_colormap_analysis",
    "total_high_traffic_regions": 2
  },
  "high_traffic_areas": [
    {
      "id": 8,
      "center": {
        "x": 636,
        "y": 89
      },
      "bounding_box": {
        "x": 615,
        "y": 79,
        "width": 39,
        "height": 28
      },
      "area_pixels": 651,
      "heat_intensity": 122.06629055007052,
      "heat_category": "medium",
      "contour_points": [
        [
          635,
          79
        ],
        [
          634,
          80
        ],
        [
          617,
          80
        ],
        [
          617,
          81
        ],
        [
          616,
          82
        ],
        [
          616,
          83
        ],
        [
          615,
          84
        ],
        [
          615,
          94
        ],
        [
          639,
          94
        ],
        [
          640,
          95
        ],
        [
          640,
          96
        ],
        [
          641,
          97
        ],
        [
          641,
          106
        ],
        [
          646,
          106
        ],
        [
          651,
          101
        ],
        [
          651,
          100
        ],
        [
          652,
          99
        ],
        [
          652,
          98
        ],
        [
          653,
          97
        ],
        [
          653,
          86
        ],
        [
          652,
          85
        ],
        [
          652,
          84
        ],
        [
          651,
          83
        ],
        [
          651,
          82
        ],
        [
          650,
          81
        ],
        [
          650,
          80
        ],
        [
          649,
          79
        ]
      ]
    },
    {
      "id": 2,
      "center": {
        "x": 943,
        "y": 257
      },
      "bounding_box": {
        "x": 930,
        "y": 232,
        "width": 31,
        "height": 46
      },
      "area_pixels": 823,
      "heat_intensity": 115.89103291713961,
      "heat_category": "medium",
      "contour_points": [
        [
          938,
          232
        ],
        [
          936,
          234
        ],
        [
          936,
          235
        ],
        [
          935,
          236
        ],
        [
          935,
          237
        ],
        [
          934,
          238
        ],
        [
          934,
          239
        ],
        [
          933,
          240
        ],
        [
          933,
          241
        ],
        [
          931,
          243
        ],
        [
          931,
          248
        ],
        [
          930,
          249
        ],
        [
          930,
          256
        ],
        [
          931,
          257
        ],
        [
          931,
          261
        ],
        [
          932,
          262
        ],
        [
          932,
          264
        ],
        [
          934,
          266
        ],
        [
          934,
          267
        ],
        [
          935,
          268
        ],
        [
          935,
          269
        ],
        [
          942,
          276
        ],
        [
          947,
          276
        ],
        [
          948,
          275
        ],
        [
          952,
          275
        ],
        [
          953,
          276
        ],
        [
          953,
          277
        ],
        [
          960,
          277
        ],
        [
          960,
          273
        ],
        [
          959,
          272
        ],
        [
          959,
          268
        ],
        [
          958,
          267
        ],
        [
          958,
          266
        ],
        [
          956,
          264
        ],
        [
          956,
          262
        ],
        [
          955,
          261
        ],
        [
          955,
          260
        ],
        [
          954,
          259
        ],
        [
          954,
          257
        ],
        [
          953,
          256
        ],
        [
          953,
          255
        ],
        [
          951,
          253
        ],
        [
          951,
          252
        ],
        [
          950,
          251
        ],
        [
          950,
          249
        ],
        [
          949,
          248
        ],
        [
          949,
          247
        ],
        [
          948,
          246
        ],
        [
          948,
          244
        ],
        [
          947,
          243
        ]
      ]
    }
  ]
}